,BUSINESS NAME,PHYSICAL CITY NAME,SALES VOLUME,CASS_LastLine
0,Mile High Mobile Pet LLC,Cheyenne,300000,"Cheyenne, WY 82007-3528"
1,Pets City Inc,Cheyenne,640000,"Cheyenne, WY 82009-4851"
2,Petco Animal Sups Stores Inc,Cheyenne,0,"Cheyenne, WY 82009-4945"
3,Pet-A-Care,Cheyenne,81000,"Cheyenne, WY 82009-1009"
4,Muddy Paws Pet Salon,Laramie,76000,"Laramie, WY 82070-8979"
5,Prossers Feed and Seed L L C,Wheatland,77000,"Wheatland, WY 82201-2901"
6,Pet Pals Inc of Goshen County,Torrington,126991,"Torrington, WY 82240-3516"
7,Don Bruner Sales LLC,Torrington,750000,"Torrington, WY 82240-3516"
8,Pals For Pets Inc,Saratoga,83000,"Saratoga, WY 82331"
9,Pet Barn,Worland,69000,"Worland, WY 82401-2715"
10,Comfy Critters LLC,Worland,100000,"Worland, WY 82401-3319"
11,Pampered Pets,Dubois,55000,"Dubois, WY 82513"
12,Lander Pet & Ranch Supply,Lander,108197,"Lander, WY 82520-3105"
13,Frontier Feathers Inc,Lander,44000,"Lander, WY 82520-3033"
14,Tails of City,Casper,110000,"Casper, WY 82601-2539"
15,K & M Pet Products and Svcs,Casper,51000,"Casper, WY 82601-3035"
16,Dog World,Casper,49000,"Casper, WY 82601-2442"
17,Petco Animal Supplies  Inc,Casper,0,"Casper, WY 82609-2319"
18,Edna Grabow,Douglas,96000,"Douglas, WY 82633-9231"
19,L and C Pets and Gifts LLC,Evansville,210000,"Evansville, WY 82636"
20,All Gods Creatures,Gillette,450000,"Gillette, WY 82716-2919"
21,Camelot Pet Castle,Gillette,230000,"Gillette, WY 82716-1704"
22,Joes Pet Depot,Gillette,0,"Gillette, WY 82716-3742"
23,Pet Food Outlet,Gillette,450000,"Gillette, WY 82718-6330"
24,Joes Pet Depot,Rock Springs,0,"Rock Springs, WY 82901-6738"
25,Precious Pets LLC,Rock Springs,100000,"Rock Springs, WY 82901-4574"
26,Zoobecks Inc,Rock Springs,890000,"Rock Springs, WY 82901-5105"
27,Summit Pets,Evanston,89000,"Evanston, WY 82930-3533"
28,Jackson Hole Feed and Pet,Jackson,72000,"Jackson, WY 83001-8698"
29,Thunderpaws Pet Containment,Jackson,110000,"Jackson, WY 83001-8809"
30,Big Als Pet Stop,Kemmerer,69000,"Kemmerer, WY 83101-2900"
31,Riverbend Pets  LLC,Alpine,70000,"Alpine, WY 83128"
